{"w":[{"v":1,"dim":[25,4],"data":[-1.450157717106866,1.3028469910374691,-1.3235516982005444,1.3498350132921642,0.20703699389488694,-0.9328168371231654,1.1410074903217533,-0.05461388454876953,-1.2725178255155944,0.568413160671366,-1.1395323042622147,0.8391855535164683,2.1162939517111647,-2.2843663621061734,2.243508099553895,-2.2267506877426517,-0.686501283582554,0.577815023076483,-0.3597196576902056,0.5230751851293333,-4.3523982441002325,4.0465299168934115,-3.917301959563823,4.054985399359613,0.9871205850271227,-1.1967458887803988,1.1679340319857456,-1.16667544899768,-0.9494080971178338,0.7512414850949442,-1.2487742554658017,1.6747682654007352,-1.3526593573484882,1.8390052308910507,-1.683582746180599,2.649668375901437,0.04949379365863254,0.3283623307138939,-0.9286632809859381,1.034171338044954,2.6870224743554285,-2.744278811066273,2.433063178248522,-2.4380620810434785,0.14603058118737983,-0.6055885214381512,0.3017239022948585,-1.8740457148151106,4.1116164541420614,-4.039920941340359,4.089534126225932,-3.8824771647164074,1.1714969231355408,0.002905554296273218,0.7627088575753694,-0.2212165868157422,-0.8502172141806611,0.5422771819985653,-0.00785224494207077,0.30920291176661335,-7.206233701669031,7.152914595267005,-6.992340284063929,7.137452697987833,3.181262910937156,-2.8960725520936914,3.086470402106716,-2.601516949405205,-4.315982539778458,4.072833808840193,-3.6847359303915113,4.103984193222532,4.111344305179178,-3.8352745702898274,3.738892383662406,-3.8325750724292957,2.0314668363038604,-2.2110045545346853,2.002485990327277,-2.2672541112458737,-2.287792246940229,2.3611979484927783,-2.315825917435263,2.390731280745188,-2.9329758962969033,2.932240332329625,-2.9278439053352443,2.7755507233577603,0.5160240367896234,-0.84956564517878,0.9104988754827956,-0.35979884530052075,-0.6643945659472481,0.8939663553610638,-0.9163419007805355,0.24659478078052427,-1.3486762879686647,1.4108339413953441,-1.1525180374715376,1.2632675613035622]},{"v":1,"dim":[20,25],"data":[-0.17593931651826822,-0.65243672230321,-0.035928985378707735,-0.23405933628841205,-0.21050676532537285,0.2511947547588596,0.06987635851202766,0.4534648620457612,-0.20605141920978767,0.4689427026277725,0.28724601175370673,0.09441372514524761,0.05039734181419859,0.1660350681131654,-0.015515465269999576,-0.7291206146176643,-0.8290064263835351,-0.5905160062295906,0.9886587574272211,-1.0448121727553852,-0.35896302888309095,0.9700887927790253,0.2938056298348694,0.3239138832669485,-1.0971938290370604,-0.10456007201014549,-0.45646196481268275,0.7948611698026867,0.6845538150432269,0.4326786041568977,0.019803778023922896,-0.12048376185258787,0.16129702023898645,-0.1053001551215731,-0.9100093492001863,0.5907389790986306,-0.1015298018866846,-0.38265665959234163,-0.9402730164226241,0.5888466427665477,-0.5178822882175359,1.2538777726607344,0.6548722515161066,0.21901869141425453,-0.7067372071398282,-0.6402467321924789,0.5149805478620775,-1.1648145828922716,0.3968505203479437,-0.4895557920687822,-0.1593346892322685,-0.8609440366231818,-0.8518585910622362,-0.9827855453762174,0.6445598234156369,0.23267100167427154,-0.5250742198311225,0.5476934397663371,0.3440494842731476,-0.7570407289690354,0.3149887926158421,-0.6016151697176757,-0.3270091563035035,-1.0360687682522562,0.19063833113171477,-0.7764676350948847,0.7730614502566958,-0.05612494737848502,0.42411446697923144,0.7944574047884168,-0.4370374756906335,-0.9943234774995631,0.23972997164758927,-0.10715807930247254,0.06915110826840355,-0.45295178172729034,0.7555587495540772,0.27519334037077925,-0.06363127260839867,-0.06218168398601746,0.2142843318544767,0.04017284227855136,-0.4846019005159506,0.14093543687126572,-0.7259678714662481,-0.4077361293754009,-0.7401496665670365,-0.8581781149342811,0.5021310556636865,-0.8180375857455233,0.7842408095376361,-0.6328935440940738,-0.018128854668222387,-0.48047617358060357,-0.40316694184784735,1.1174862768982943,-0.5014796837466684,-0.2997974415318096,-0.20627116753718178,-0.3370676384401248,-1.1015710387825077,0.7468970759716359,0.8035732864594205,-0.9916903742968782,0.4438602965931427,-0.0036781787999761117,-0.7119069959307918,0.48104029518891805,-0.987256227692927,-1.1182938239783777,0.09086975982273406,-0.33763903336066586,0.353908524876969,0.8514601795652565,-0.6678969406176591,0.04745893359593197,-0.45662415521222577,0.735103465505564,-0.09381831403732949,0.3671442546040535,-0.993029271422644,0.4119409376659725,-0.8934737981269574,0.07348679942025796,0.2998311009362837,1.0784732887426562,-0.9771294720291429,-0.6152124566221274,0.48624116115330585,-0.08403686462040097,-0.5997464672504742,-0.08423848939032508,-0.1390933029779054,0.9995028847656399,-0.8830813049332125,0.7468249122528745,-0.289017606269662,-0.7918211140149474,0.24080265063884995,0.6541240731918041,-0.012298307627058315,0.027598225173292266,-0.27761401792045964,-0.692754916155497,-0.5858502576413284,-0.5930837118033434,0.4172123986716883,-0.18866340767141898,0.6699665951328376,-0.0883927417398814,-0.5288532446775246,0.1895067273164899,-0.9179211586570765,-0.2567375880259698,-0.027490977325524076,-0.9359248417248538,-0.9184519082240288,-0.5051460272117594,0.16378926246014802,-0.17377855296844522,-0.48841203050652493,0.20167651370116038,-0.9412882595261214,0.7541611024558623,-0.8956895420639589,-0.4262024632608618,0.308253266633182,-0.8875504836260883,0.3337340508041463,-0.5184971505714063,0.8406790810253757,-0.9082242768324944,-0.7547004472945156,0.4440268975825158,0.5963036303227469,-1.4954334677686132,1.219906551876431,-1.3496464832142943,0.019207823095917786,-0.14776155147470924,-1.8642844050221083,-0.27425533047906614,-1.1383669825964515,-0.9566483523637443,0.5340350333017808,1.453845550377778,0.6257374118813986,-2.2368904289983487,0.43185299289510853,-0.4208573189770498,3.0154912393012685,-1.1447907546422482,-2.45138486894666,1.6307403939392864,0.742609658339316,1.3595883500579478,1.8008356358103021,0.5187655087539355,-0.41577115890906974,-1.1240795428616053,0.5777564792171441,0.3315436450396986,-0.9213603833017056,1.7043076819769496,-1.220458094076532,-2.965630485832625,1.3355772817653693,-1.2982918877376484,-0.05127636593760894,-1.1771431254971498,1.4543197736615492,1.13537377793325,-0.6910541308690131,0.6369026370896508,-0.8574446292463125,-0.48101764967759153,1.8823079195256056,0.15439710167247814,2.170825946270252,1.4046584163909333,-2.090478023174256,-0.8547996082754985,0.8573755105644644,-1.4288359746138166,-2.1155236824402444,1.0199943798349322,0.900936367328421,-0.5122388230036948,1.0126957656822215,0.3659252140928111,-0.5589452232215323,-0.2768731867243532,-0.3463508416243134,0.36886981226510374,0.6738553629086651,1.020766202458422,0.4196046331810903,-0.3247008993834793,0.4125515520188981,-0.5493901059284514,-1.0939927318733862,-0.3039192777353861,0.8698032212474577,0.9169962656887252,0.34455639303033364,-0.9772860409986887,-0.904946279102618,-0.2118801364957307,0.18664589077821436,0.41403113268943637,-0.19797103731694346,0.4911786967900451,0.06598546410182421,-0.09708944167950392,0.21552059779510685,-1.0044471854418504,-0.11458749434248515,-1.0030144379635169,0.041374558335600144,-0.8232877840265468,0.5004600919073444,0.8432168253980498,-0.2320882775188665,-0.5420305175545724,-0.28057296798187636,-0.16229820781510246,-0.7447492941849045,0.5475719490364813,-0.576507732517746,-0.6276249998770597,-0.674858970909315,0.14419110295082516,-0.4932773577589488,0.16356548706509277,-0.45120999882321566,-0.41509710651445925,-0.4719468160991424,-0.823178917126036,-1.1140083683578856,-0.36485391211704404,-0.055963098184450305,0.136428280650753,0.3867649362979294,-0.27610315240860417,-0.21604620969423707,-0.011246528868990257,0.4018755035418149,-1.0656310628855379,-0.7950909078629352,-0.6699313707398361,1.1861359215812608,-0.7460779073747361,-0.4532663105327628,0.13563290811599749,-1.2510128614548928,0.7766404335672926,0.8189239684516814,0.38188426324977914,-0.5267447946740642,0.3036126788835813,0.15199708202019963,0.967576846842251,-0.039488264146964595,