{"w":[{"v":1,"dim":[3,2],"data":[-4.145344207984285,7.502619682861048,7.489962334078842,-4.140005413723569,5.700552488122982,5.724657205514771]},{"v":1,"dim":[1,3],"data":[-9.836439545999092,-9.836055132653636,13.835909174660653]}],"b":[{"v":1,"dim":[3,1],"data":[0.0,0.0,0.0]},{"v":1,"dim":[1,1],"data":[0.0]}],"activation":"Sigmoid","optimization_algorithm":"Batch","biases_enabled":false}